{
  "best": {
    "n_layers": 1,
    "width": 128,
    "dropout": 0.0,
    "lr": 0.001,
    "batch_size": 256,
    "n_params": 25986,
    "epochs_run": 7,
    "final_val_acc": 1.0,
    "best_val_acc": 1.0,
    "test_acc": 1.0,
    "train_losses": [
      0.040944585740834476,
      0.0007259950214577839,
      6.243746681546326e-05,
      9.576066014022217e-06,
      1.1932136353698297e-06,
      1.7263397825018956e-07,
      1.8922270584992164e-07
    ],
    "val_losses": [
      0.002109150169417262,
      0.0001585212885402143,
      3.9229646063176915e-05,
      1.4680126696475782e-05,
      5.491599495144328e-07,
      1.302981331718911e-07,
      3.2244961403193884e-06
    ],
    "val_accs": [
      0.9997400045394897,
      1.0,
      0.9999899864196777,
      1.0,
      1.0,
      1.0,
      1.0
    ],
    "elapsed_s": 51.0
  },
  "all_results": [
    {
      "n_layers": 1,
      "width": 128,
      "dropout": 0.0,
      "lr": 0.001,
      "batch_size": 256,
      "n_params": 25986,
      "epochs_run": 7,
      "final_val_acc": 1.0,
      "best_val_acc": 1.0,
      "test_acc": 1.0,
      "train_losses": [
        0.040944585740834476,
        0.0007259950214577839,
        6.243746681546326e-05,
        9.576066014022217e-06,
        1.1932136353698297e-06,
        1.7263397825018956e-07,
        1.8922270584992164e-07
      ],
      "val_losses": [
        0.002109150169417262,
        0.0001585212885402143,
        3.9229646063176915e-05,
        1.4680126696475782e-05,
        5.491599495144328e-07,
        1.302981331718911e-07,
        3.2244961403193884e-06
      ],
      "val_accs": [
        0.9997400045394897,
        1.0,
        0.9999899864196777,
        1.0,
        1.0,
        1.0,
        1.0
      ],
      "elapsed_s": 51.0
    },
    {
      "n_layers": 1,
      "width": 256,
      "dropout": 0.0,
      "lr": 0.001,
      "batch_size": 256,
      "n_params": 51970,
      "epochs_run": 6,
      "final_val_acc": 1.0,
      "best_val_acc": 1.0,
      "test_acc": 1.0,
      "train_losses": [
        0.030939534519281237,
        0.0002883457430631388,
        2.4399088604463032e-05,
        2.8195148283339223e-06,
        3.851492036505988e-07,
        5.008903096771178e-08
      ],
      "val_losses": [
        0.0008646984933875501,
        5.9922575019299984e-05,
        7.31405953047215e-06,
        1.2274019809410674e-06,
        8.309167469633394e-07,
        7.1803917478519e-08
      ],
      "val_accs": [
        0.9999799728393555,
        1.0,
        1.0,
        1.0,
        1.0,
        1.0
      ],
      "elapsed_s": 53.5
    },
    {
      "n_layers": 1,
      "width": 512,
      "dropout": 0.0,
      "lr": 0.001,
      "batch_size": 256,
      "n_params": 103938,
      "epochs_run": 6,
      "final_val_acc": 1.0,
      "best_val_acc": 1.0,
      "test_acc": 1.0,
      "train_losses": [
        0.0228380409113504,
        0.00010634552736149635,
        9.264457761237281e-06,
        1.1284206731979793e-06,
        3.281900457085203e-05,
        1.1843234008738365e-06
      ],
      "val_losses": [
        0.0003282932739239186,
        2.5628964067436755e-05,
        4.103117134945933e-06,
        5.290614808473038e-07,
        7.4116551331826486e-06,
        7.322141755139455e-07
      ],
      "val_accs": [
        0.9999899864196777,
        1.0,
        1.0,
        1.0,
        1.0,
        1.0
      ],
      "elapsed_s": 61.0
    },
    {
      "n_layers": 2,
      "width": 128,
      "dropout": 0.0,
      "lr": 0.001,
      "batch_size": 256,
      "n_params": 42498,
      "epochs_run": 5,
      "final_val_acc": 1.0,
      "best_val_acc": 1.0,
      "test_acc": 1.0,
      "train_losses": [
        0.013724161968814617,
        5.387010036483844e-06,
        0.0005526215750987899,
        0.00023722092787432485,
        4.198154792724199e-05
      ],
      "val_losses": [
        1.8884667952079326e-05,
        2.354034222662449e-06,
        0.0001671460340730846,
        0.0013952264562249184,
        9.810605661186855e-07
      ],
      "val_accs": [
        1.0,
        1.0,
        0.9999799728393555,
        0.9996100068092346,
        1.0
      ],
      "elapsed_s": 51.9
    },
    {
      "n_layers": 2,
      "width": 256,
      "dropout": 0.0,
      "lr": 0.001,
      "batch_size": 256,
      "n_params": 117762,
      "epochs_run": 5,
      "final_val_acc": 1.0,
      "best_val_acc": 1.0,
      "test_acc": 1.0,
      "train_losses": [
        0.01117415864825924,
        6.32636926799023e-06,
        2.777645601522636e-07,
        3.604037378072178e-08,
        3.32152450928902e-09
      ],
      "val_losses": [
        9.147593118541408e-06,
        8.930059038902982e-07,
        1.5198797598259262e-07,
        2.165409718202227e-08,
        4.92425167308852e-09
      ],
      "val_accs": [
        1.0,
        1.0,
        1.0,
        1.0,
        1.0
      ],
      "elapsed_s": 70.7
    },
    {
      "n_layers": 2,
      "width": 512,
      "dropout": 0.0,
      "lr": 0.001,
      "batch_size": 256,
      "n_params": 366594,
      "epochs_run": 5,
      "final_val_acc": 1.0,
      "best_val_acc": 1.0,
      "test_acc": 1.0,
      "train_losses": [
        0.008889882803606742,
        2.8381110084828834e-06,
        1.6706568519265374e-07,
        2.1259530798879212e-08,
        2.137896938627648e-09
      ],
      "val_losses": [
        1.0680139894247986e-05,
        4.923761594000098e-07,
        8.109786620025261e-08,
        1.1133941768548539e-08,
        1.6057414287118377e-09
      ],
      "val_accs": [
        1.0,
        1.0,
        1.0,
        1.0,
        1.0
      ],
      "elapsed_s": 102.6
    },
    {
      "n_layers": 3,
      "width": 128,
      "dropout": 0.0,
      "lr": 0.001,
      "batch_size": 256,
      "n_params": 59010,
      "epochs_run": 7,
      "final_val_acc": 1.0,
      "best_val_acc": 1.0,
      "test_acc": 1.0,
      "train_losses": [
        0.013653174138649716,
        0.0005936046102714973,
        0.00014436832580211193,
        1.66960664376802e-07,
        1.6213344461000644e-08,
        1.6341179084449209e-09,
        1.6391270796844993e-10
      ],
      "val_losses": [
        0.00029273415566422045,
        0.0012342063710093498,
        5.923804451413162e-07,
        6.567682220293136e-08,
        1.022284745744173e-08,
        1.5818862886263219e-09,
        4.410717624470095e-10
      ],
      "val_accs": [
        0.9998700022697449,
        0.9998999834060669,
        1.0,
        1.0,
        1.0,
        1.0,
        1.0
      ],
      "elapsed_s": 96.9
    },
    {
      "n_layers": 3,
      "width": 256,
      "dropout": 0.0,
      "lr": 0.001,
      "batch_size": 256,
      "n_params": 183554,
      "epochs_run": 5,
      "final_val_acc": 1.0,
      "best_val_acc": 1.0,
      "test_acc": 1.0,
      "train_losses": [
        0.010026884428743579,
        0.0005944247009730388,
        0.0002377854643513647,
        5.5282275625280876e-08,
        3.042324375378769e-09
      ],
      "val_losses": [
        4.024122245027684e-05,
        5.197242444410222e-06,
        2.1481589840277593e-07,
        1.1955061829382885e-08,
        2.2697117518788446e-09
      ],
      "val_accs": [
        0.9999799728393555,
        1.0,
        1.0,
        1.0,
        1.0
      ],
      "elapsed_s": 98.6
    },
    {
      "n_layers": 1,
      "width": 256,
      "dropout": 0.1,
      "lr": 0.001,
      "batch_size": 256,
      "n_params": 51970,
      "epochs_run": 6,
      "final_val_acc": 1.0,
      "best_val_acc": 1.0,
      "test_acc": 1.0,
      "train_losses": [
        0.031743135740643365,
        0.0003998754601168912,
        4.798300968282274e-05,
        2.37924035134929e-05,
        1.0454589971333917e-05,
        1.6203848863788154e-06
      ],